NUMERO;NOME;BRINCOELETRONICO;SEXO;DTNASCIMENTO;CDCATEGORIAINICIAL;ORIGEM;NOME_1;RACA1;PERCENTUAL1;
A345;Maria;;F;22/01/1999;5;nascido;Vaca;Holandęs;100;
A346;Miúcha;;F;01/02/1999;5;nascido;Vaca;Holandęs;100;
A437;Oca;;F;25/04/2001;5;nascido;Vaca;Holandęs;100;
A435;Olímpia;;F;20/04/2001;5;nascido;Vaca;Holandęs;100;
A433;Otávia;;F;17/04/2001;5;nascido;Vaca;Holandęs;100;
A459;Otawa;;F;02/08/2001;5;nascido;Vaca;Holandęs;100;
A474;Palestina;;F;24/02/2002;5;nascido;Novilha;Holandęs;100;
A475;Pália;;F;25/02/2002;5;nascido;Vaca;Holandęs;100;
A476;Palmeira;;F;27/02/2002;5;nascido;Vaca;Holandęs;100;
A478;Palmira;;F;04/03/2002;5;nascido;Vaca;Holandęs;100;
A483;Panambi;;F;19/03/2002;5;nascido;Novilha;Holandęs;100;
1;Pia;;F;15/06/2002;5;nascido;Vaca;Holandęs;100;
3;Pilar;;F;18/06/2002;5;nascido;Vaca;Holandęs;100;
4;Pirajá;;F;18/06/2002;5;nascido;Vaca;Holandęs;100;
20;Poti;;F;24/09/2002;5;nascido;Vaca;Holandęs;100;
13;Prisca;;F;29/07/2002;5;nascido;Novilha;Holandęs;100;
17;Pureza;;F;17/08/2002;5;nascido;Novilha;Holandęs;100;
29;Rafa;;F;22/01/2003;5;nascido;Vaca;Holandęs;100;
32;Rajada;;F;10/02/2003;5;nascido;Vaca;Holandęs;100;
425;Sabor;;M;15/02/2023;1;nascido;Em crescimento;Holandęs;100;
34;Rapina;;F;24/02/2003;5;nascido;Vaca;Holandęs;100;
39;Ravina;;F;10/04/2003;5;nascido;Novilha;Holandęs;100;
42;Rega;;F;15/04/2003;5;nascido;Vaca;Holandęs;100;
45;Rema;;F;06/05/2003;5;nascido;Vaca;Holandęs;100;
48;Rena;;F;22/05/2003;5;nascido;Vaca;Holandęs;100;
53;Represa;;F;16/06/2003;5;nascido;Vaca;Holandęs;100;
54;Réstia;;F;02/07/2003;5;nascido;Vaca;Holandęs;100;
56;Retina;;F;03/07/2003;5;nascido;Vaca;Holandęs;100;
61;Reza;;F;14/07/2003;5;nascido;Vaca;Holandęs;100;
62;Riba;;F;20/07/2003;5;nascido;Vaca;Holandęs;100;
63;Ribeira;;F;21/07/2003;5;nascido;Vaca;Holandęs;100;
64;Rica;;F;21/07/2003;5;nascido;Novilha;Holandęs;100;
66;Ricota;;F;05/08/2003;5;nascido;Vaca;Holandęs;100;
67;Rifa;;F;12/08/2003;5;nascido;Vaca;Holandęs;100;
69;Ripa;;F;17/08/2003;5;nascido;Novilha;Holandęs;100;
72;Roca;;F;24/08/2003;5;nascido;Vaca;Holandęs;100;
75;Ródia;;F;01/09/2003;5;nascido;Novilha;Holandęs;100;
82;Ronda;;F;08/10/2003;5;nascido;Vaca;Holandęs;100;
84;Rosa;;F;18/10/2003;5;nascido;Vaca;Holandęs;100;
83;Rosada;;F;12/10/2003;5;nascido;Vaca;Holandęs;100;
90;Rota;;F;05/12/2003;5;nascido;Vaca;Holandęs;100;
100;Saga;;F;17/02/2004;5;nascido;Novilha;Holandęs;100;
678;Fase;;F;17/04/2012;5;nascido;Vaca;Holandęs;100;
102;Saíra;;F;26/02/2004;5;nascido;Novilha;Holandęs;100;
105;Salé;;F;13/03/2004;5;nascido;Vaca;Holandęs;100;
106;Salema;;F;25/03/2004;5;nascido;Vaca;Holandęs;100;
108;Salina;;F;28/03/2004;5;nascido;Vaca;Holandęs;100;
110;Salva;;F;04/04/2004;5;nascido;Vaca;Holandęs;100;
112;Samora;;F;16/04/2004;5;nascido;Vaca;Holandęs;100;
426;Sabre;;M;15/02/2023;1;nascido;Em crescimento;Holandęs;100;
113;Sana;;F;17/04/2004;5;nascido;Vaca;Holandęs;100;
114;Sanca;;F;20/04/2004;5;nascido;Novilha;Holandęs;100;
115;Sanfona;;F;02/05/2004;5;nascido;Vaca;Holandęs;100;
116;Sani;;F;10/05/2004;5;nascido;Novilha;Holandęs;100;
118;Sapeca;;F;11/05/2004;5;nascido;Vaca;Holandęs;100;
121;Sarda;;F;21/05/2004;5;nascido;Vaca;Holandęs;100;
125;Sátira;;F;02/06/2004;5;nascido;Vaca;Holandęs;100;
129;Scan;;F;15/06/2004;5;nascido;Vaca;Holandęs;100;
1551;Perua;;F;11/05/2021;5;nascido;Vaca;Holandęs;100;
1835;Salga;;F;16/02/2023;5;nascido;Vaca;Holandęs;100;
130;Seara;;F;16/06/2004;5;nascido;Vaca;Holandęs;100;
131;Seda;;F;17/06/2004;5;nascido;Novilha;Holandęs;100;
137;Semente;;F;17/07/2004;5;nascido;Vaca;Holandęs;100;
138;Senda;;F;18/07/2004;5;nascido;Vaca;Holandęs;100;
143;Seresta;;F;18/08/2004;5;nascido;Vaca;Holandęs;100;
144;Serrana;;F;18/08/2004;5;nascido;Vaca;Holandęs;100;
145;Serva;;F;27/08/2004;5;nascido;Vaca;Holandęs;100;
149;Sidra;;F;24/10/2004;5;nascido;Novilha;Holandęs;100;
150;Sidy;;F;25/10/2004;5;nascido;Vaca;Holandęs;100;
151;Sigla;;F;26/10/2004;5;nascido;Novilha;Holandęs;100;
152;Silana;;F;05/11/2004;5;nascido;Vaca;Holandęs;100;
153;Siloé;;F;07/11/2004;5;nascido;Vaca;Holandęs;100;
154;Sima;;F;09/11/2004;5;nascido;Vaca;Holandęs;100;
159;Singela;;F;16/12/2004;5;nascido;Vaca;Holandęs;100;
160;Tabela;;F;14/01/2005;5;nascido;Vaca;Holandęs;100;
161;Tábua;;F;22/01/2005;5;nascido;Vaca;Holandęs;100;
ASHLAR;Ashlar;;M;;;nascido;;Holandęs;100;
164;Tália;;F;09/02/2005;5;nascido;Vaca;Holandęs;100;
165;Talentosa;;F;02/03/2005;5;nascido;Vaca;Holandęs;100;
2185;Ticuna;;F;18/05/2024;5;nascido;Novilha;Holandęs;100;
169;Tangerina;;F;10/03/2005;5;nascido;Vaca;Holandęs;100;
172;Tarifa;;F;27/03/2005;5;nascido;Vaca;Holandęs;100;
174;Taxa;;F;27/03/2005;5;nascido;Vaca;Holandęs;100;
178;Teimosa;;F;26/04/2005;5;nascido;Vaca;Holandęs;100;
181;Tempestade;;F;04/05/2005;5;nascido;Vaca;Holandęs;100;
183;Tenra;;F;09/05/2005;5;nascido;Vaca;Holandęs;100;
186;Terena;;F;25/05/2005;5;nascido;Vaca;Holandęs;100;
187;Terra;;F;14/06/2005;5;nascido;Vaca;Holandęs;100;
190;Tigela;;F;21/06/2005;5;nascido;Vaca;Holandęs;100;
192;Tinhosa;;F;23/06/2005;5;nascido;Novilha;Holandęs;100;
193;Tinta;;F;25/06/2005;5;nascido;Vaca;Holandęs;100;
195;Tirana;;F;05/07/2005;5;nascido;Vaca;Holandęs;100;
196;Tirolesa;;F;08/07/2005;5;nascido;Novilha;Holandęs;100;
198;Toca;;F;14/07/2005;5;nascido;Vaca;Holandęs;100;
200;Torre;;F;20/07/2005;5;nascido;Vaca;Holandęs;100;
201;Toscana;;F;25/07/2005;5;nascido;Vaca;Holandęs;100;
546;Doca;;F;11/08/2010;5;nascido;Vaca;Holandęs;100;
202;Toyara;;F;28/07/2005;5;nascido;Vaca;Holandęs;100;
203;Tradiçăo;;F;28/07/2005;5;nascido;Vaca;Holandęs;100;
204;Traíra;;F;13/08/2005;5;nascido;Vaca;Holandęs;100;
205;Trama;;F;28/08/2005;5;nascido;Vaca;Holandęs;100;
208;Trança;;F;22/09/2005;5;nascido;Novilha;Holandęs;100;
209;Trava;;F;25/09/2005;5;nascido;Vaca;Holandęs;100;
210;Trela;;F;06/10/2005;5;nascido;Vaca;Holandęs;100;
211;Trena;;F;08/10/2005;5;nascido;Vaca;Holandęs;100;
213;Trina;;F;12/11/2005;5;nascido;Vaca;Holandęs;100;
214;Trincha;;F;15/11/2005;5;nascido;Vaca;Holandęs;100;
219;Truta;;F;04/12/2005;5;nascido;Vaca;Holandęs;100;
220;Tulipa;;F;16/12/2005;5;nascido;Vaca;Holandęs;100;
221;Travessia;;F;28/12/2005;5;nascido;Vaca;Holandęs;100;
222;Vaidosa;;F;04/01/2006;5;nascido;Vaca;Holandęs;100;
224;Valena;;F;10/01/2006;5;nascido;Vaca;Holandęs;100;
228;Vange;;F;31/01/2006;5;nascido;Vaca;Holandęs;100;
229;Vani;;F;04/02/2006;5;nascido;Vaca;Holandęs;100;
230;Varanda;;F;16/02/2006;5;nascido;Vaca;Holandęs;100;
231;Varela;;F;25/02/2006;5;nascido;Vaca;Holandęs;100;
234;Vasti;;F;15/03/2006;5;nascido;Vaca;Holandęs;100;
235;Vaúna;;F;20/03/2006;5;nascido;Vaca;Holandęs;100;
236;Vela;;F;23/03/2006;5;nascido;Vaca;Holandęs;100;
238;Velera;;F;31/03/2006;5;nascido;Vaca;Holandęs;100;
241;Veneza;;F;06/04/2006;5;nascido;Vaca;Holandęs;100;
244;Verba;;F;21/04/2006;5;nascido;Vaca;Holandęs;100;
245;Verdade;;F;25/04/2006;5;nascido;Vaca;Holandęs;100;
246;Verdura;;F;27/04/2006;5;nascido;Novilha;Holandęs;100;
247;Vereda;;F;28/04/2006;5;nascido;Novilha;Holandęs;100;
248;Verena;;F;29/04/2006;5;nascido;Novilha;Holandęs;100;
249;Verna;;F;30/04/2006;5;nascido;Vaca;Holandęs;100;
251;Véspera;;F;03/05/2006;5;nascido;Vaca;Holandęs;100;
252;Véstia;;F;07/05/2006;5;nascido;Vaca;Holandęs;100;
253;Vestida;;F;12/05/2006;5;nascido;Vaca;Holandęs;100;
254;Via;;F;14/05/2006;5;nascido;Vaca;Holandęs;100;
256;Vica;;F;17/05/2006;5;nascido;Vaca;Holandęs;100;
257;Viçosa;;F;17/05/2006;5;nascido;Vaca;Holandęs;100;
258;Vida;;F;22/05/2006;5;nascido;Vaca;Holandęs;100;
259;Videira;;F;24/05/2006;5;nascido;Vaca;Holandęs;100;
260;Vidraça;;F;27/05/2006;5;nascido;Vaca;Holandęs;100;
261;Viela;;F;30/05/2006;5;nascido;Vaca;Holandęs;100;
262;Viga;;F;01/06/2006;5;nascido;Vaca;Holandęs;100;
263;Vigília;;F;04/06/2006;5;nascido;Vaca;Holandęs;100;
264;Vigorosa;;F;06/06/2006;5;nascido;Novilha;Holandęs;100;
265;Vila;;F;07/06/2006;5;nascido;Vaca;Holandęs;100;
267;Vilhena;;F;12/06/2006;5;nascido;Vaca;Holandęs;100;
268;Vinda;;F;26/06/2006;5;nascido;Vaca;Holandęs;100;
269;Vinha;;F;06/07/2006;5;nascido;Vaca;Holandęs;100;
270;Viola;;F;06/07/2006;5;nascido;Vaca;Holandęs;100;
274;Virtude;;F;29/07/2006;5;nascido;Novilha;Holandęs;100;
275;Visita;;F;04/08/2006;5;nascido;Vaca;Holandęs;100;
276;Vista;;F;18/08/2006;5;nascido;Vaca;Holandęs;100;
277;Vistosa;;F;19/08/2006;5;nascido;Vaca;Holandęs;100;
278;Vitali;;F;22/08/2006;5;nascido;Vaca;Holandęs;100;
280;Vitória;;F;30/08/2006;5;nascido;Vaca;Holandęs;100;
282;Viva;;F;13/09/2006;5;nascido;Vaca;Holandęs;100;
289;Voana;;F;25/11/2006;5;nascido;Vaca;Holandęs;100;
290;Vódia;;F;01/12/2006;5;nascido;Vaca;Holandęs;100;
291;Vontade;;F;03/12/2006;5;nascido;Vaca;Holandęs;100;
292;Volata;;F;04/12/2006;5;nascido;Vaca;Holandęs;100;
295;Vovó;;F;16/12/2006;5;nascido;Vaca;Holandęs;100;
298;Aba;;F;15/01/2007;5;nascido;Vaca;Holandęs;100;
299;Abadia;;F;15/01/2007;5;nascido;Novilha;Holandęs;100;
300;Abelha;;F;16/01/2007;5;nascido;Novilha;Holandęs;100;
301;Acácia;;F;19/01/2007;5;nascido;Novilha;Holandęs;100;
302;Acelga;;F;27/01/2007;5;nascido;Vaca;Holandęs;100;
303;Acerola;;F;08/02/2007;5;nascido;Vaca;Holandęs;100;
304;Adega;;F;10/02/2007;5;nascido;Vaca;Holandęs;100;
305;Adida;;F;11/02/2007;5;nascido;Vaca;Holandęs;100;
306;Adorada;;F;13/02/2007;5;nascido;Vaca;Holandęs;100;
307;Adotiva;;F;01/03/2007;5;nascido;Vaca;Holandęs;100;
308;Aduana;;F;07/03/2007;5;nascido;Vaca;Holandęs;100;
309;Adulta;;F;07/03/2007;5;nascido;Vaca;Holandęs;100;
310;Afeiçăo;;F;11/03/2007;5;nascido;Vaca;Holandęs;100;
2186;Tieta;;F;21/05/2024;5;nascido;Novilha;Holandęs;100;
311;Afetiva;;F;25/03/2007;5;nascido;Vaca;Holandęs;100;
312;Afiada;;F;25/03/2007;5;nascido;Vaca;Holandęs;100;
313;Afoita;;F;05/04/2007;5;nascido;Vaca;Holandęs;100;
314;Ágape;;F;05/04/2007;5;nascido;Vaca;Holandęs;100;
315;Ágata;;F;16/04/2007;5;nascido;Vaca;Holandęs;100;
316;Agęncia;;F;15/04/2007;5;nascido;Vaca;Holandęs;100;
317;Agenda;;F;03/05/2007;5;nascido;Vaca;Holandęs;100;
318;Águia;;F;04/05/2007;5;nascido;Vaca;Holandęs;100;
TOREADOR;Toreador;;;;;nascido;;Holandęs;100;
319;Agulha;;F;04/05/2007;5;nascido;Vaca;Holandęs;100;
228;Pilar;;M;12/05/2021;1;nascido;Em crescimento;Holandęs;100;
320;Aia;;F;05/05/2007;5;nascido;Novilha;Holandęs;100;
321;Airosa;;F;06/05/2007;5;nascido;Vaca;Holandęs;100;
322;Ajuda;;F;10/05/2007;5;nascido;Novilha;Holandęs;100;
323;Ala;;F;10/05/2007;5;nascido;Novilha;Holandęs;100;
324;Alada;;F;13/05/2007;5;nascido;Vaca;Holandęs;100;
325;Alba;;F;27/05/2007;5;nascido;Vaca;Holandęs;100;
326;Albina;;F;30/05/2007;5;nascido;Novilha;Holandęs;100;
327;Aldeia;;F;01/06/2007;5;nascido;Vaca;Holandęs;100;
328;Alegria;;F;03/06/2007;5;nascido;Novilha;Holandęs;100;
566;Ebia;;F;02/01/2011;5;nascido;Em crescimento;Holandęs;100;
329;Aleluia;;F;12/06/2007;5;nascido;Novilha;Holandęs;100;
330;Alemă;;F;12/06/2007;5;nascido;Vaca;Holandęs;100;
331;Alfa;;F;15/06/2007;5;nascido;Vaca;Holandęs;100;
332;Alface;;F;21/06/2007;5;nascido;Novilha;Holandęs;100;
333;Alfafa;;F;25/06/2007;5;nascido;Vaca;Holandęs;100;
334;Alga;;F;25/06/2007;5;nascido;Vaca;Holandęs;100;
335;Algema;;F;29/06/2007;5;nascido;Novilha;Holandęs;100;
336;Aliá;;F;13/07/2007;5;nascido;Vaca;Holandęs;100;
337;Aliada;;F;19/07/2007;5;nascido;Vaca;Holandęs;100;
338;Aliança;;F;20/07/2007;5;nascido;Vaca;Holandęs;100;
339;Alma;;F;20/07/2007;5;nascido;Novilha;Holandęs;100;
340;Alteza;;F;26/07/2007;5;nascido;Vaca;Holandęs;100;
341;Alva;;F;13/08/2007;5;nascido;Novilha;Holandęs;100;
342;Alvana;;F;13/08/2007;5;nascido;Vaca;Holandęs;100;
343;Ama;;F;14/08/2007;5;nascido;Novilha;Holandęs;100;
344;Amiga;;F;16/08/2007;5;nascido;Vaca;Holandęs;100;
345;Amora;;F;16/08/2007;5;nascido;Vaca;Holandęs;100;
346;Andina;;F;17/08/2007;5;nascido;Vaca;Holandęs;100;
347;Aposta;;F;25/08/2007;5;nascido;Vaca;Holandęs;100;
348;Arca;;F;27/08/2007;5;nascido;Vaca;Holandęs;100;
349;Argola;;F;08/09/2007;5;nascido;Vaca;Holandęs;100;
350;Arisca;;F;10/09/2007;5;nascido;Vaca;Holandęs;100;
351;Aroma;;F;20/09/2007;5;nascido;Vaca;Holandęs;100;
352;Arraia;;F;24/09/2007;5;nascido;Vaca;Holandęs;100;
353;Amém;;F;10/10/2007;5;nascido;Vaca;Holandęs;100;
354;Artesă;;F;15/11/2007;5;nascido;Vaca;Holandęs;100;
355;Atriz;;F;15/12/2007;5;nascido;Vaca;Holandęs;100;
356;Aveia;;F;20/12/2007;5;nascido;Vaca;Holandęs;100;
357;Avelă;;F;25/12/2007;5;nascido;Vaca;Holandęs;100;
358;Azaléia;;F;31/12/2007;5;nascido;Novilha;Holandęs;100;
359;Babá;;F;02/01/2008;5;nascido;Vaca;Holandęs;100;
360;Babel;;F;02/01/2008;5;nascido;Vaca;Holandęs;100;
361;Baby;;F;03/01/2008;5;nascido;Vaca;Holandęs;100;
362;Bacana;;F;03/01/2008;5;nascido;Vaca;Holandęs;100;
363;Baia;;F;09/01/2008;5;nascido;Vaca;Holandęs;100;
364;Bala;;F;20/01/2008;5;nascido;Vaca;Holandęs;100;
365;Baliza;;F;29/01/2008;5;nascido;Vaca;Holandęs;100;
366;Balsa;;F;29/01/2008;5;nascido;Vaca;Holandęs;100;
367;Bamba;;F;15/02/2008;5;nascido;Vaca;Holandęs;100;
368;Banda;;F;16/02/2008;5;nascido;Vaca;Holandęs;100;
369;Bandim;;F;22/02/2008;5;nascido;Vaca;Holandęs;100;
KOZAK;Kozak;;M;;;nascido;;Holandęs;100;
370;Baniva;;F;24/02/2008;5;nascido;Vaca;Holandęs;100;
371;Banja;;F;25/02/2008;5;nascido;Vaca;Holandęs;100;
372;Banze;;F;26/02/2008;5;nascido;Novilha;Holandęs;100;
373;Barca;;F;02/03/2008;5;nascido;Vaca;Holandęs;100;
374;Barita;;F;03/03/2008;5;nascido;Novilha;Holandęs;100;
375;Barra;;F;03/03/2008;5;nascido;Vaca;Holandęs;100;
376;Baru;;F;05/03/2008;5;nascido;Vaca;Holandęs;100;
377;Bata;;F;05/03/2008;5;nascido;Vaca;Holandęs;100;
1552;Peruca;;F;13/05/2021;5;nascido;Vaca;Holandęs;100;
378;Batata;;F;07/03/2008;5;nascido;Vaca;Holandęs;100;
379;Batida;;F;07/03/2008;5;nascido;Novilha;Holandęs;100;
BLUFF;Bluff;;M;;;nascido;;Holandęs;100;
380;Batuta;;F;09/03/2008;5;nascido;Vaca;Holandęs;100;
381;Baxa;;F;13/03/2008;5;nascido;Vaca;Holandęs;100;
382;Bazuca;;F;14/03/2008;5;nascido;Vaca;Holandęs;100;
383;Beija;;F;15/03/2008;5;nascido;Vaca;Holandęs;100;
384;Beiroa;;F;15/03/2008;5;nascido;Novilha;Holandęs;100;
385;Bela;;F;18/03/2008;5;nascido;Vaca;Holandęs;100;
386;Beleza;;F;22/03/2008;5;nascido;Vaca;Holandęs;100;
387;Belga;;F;03/04/2008;5;nascido;Vaca;Holandęs;100;
388;Belila;;F;13/04/2008;5;nascido;Novilha;Holandęs;100;
389;Beliz;;F;13/04/2008;5;nascido;Vaca;Holandęs;100;
390;Berí;;F;17/04/2008;5;nascido;Novilha;Holandęs;100;
391;Beroba;;F;19/04/2008;5;nascido;Vaca;Holandęs;100;
392;Beta;;F;19/04/2008;5;nascido;Novilha;Holandęs;100;
393;Biaba;;F;22/04/2008;5;nascido;Novilha;Holandęs;100;
394;Bica;;F;25/04/2008;5;nascido;Vaca;Holandęs;100;
395;Bicuda;;F;01/05/2008;5;nascido;Vaca;Holandęs;100;
396;Bienal;;F;05/05/2008;5;nascido;Vaca;Holandęs;100;
397;Biga;;F;07/05/2008;5;nascido;Vaca;Holandęs;100;
398;Bil;;F;09/05/2008;5;nascido;Vaca;Holandęs;100;
399;Bilola;;F;10/05/2008;5;nascido;Vaca;Holandęs;100;
400;Binga;;F;26/05/2008;5;nascido;Vaca;Holandęs;100;
401;Biriba;;F;11/06/2008;5;nascido;Vaca;Holandęs;100;
402;Bita;;F;24/06/2008;5;nascido;Vaca;Holandęs;100;
403;Bitola;;F;01/07/2008;5;nascido;Vaca;Holandęs;100;
404;Blenda;;F;07/07/2008;5;nascido;Vaca;Holandęs;100;
405;Boa;;F;13/07/2008;5;nascido;Vaca;Holandęs;100;
406;Boaba;;F;14/07/2008;5;nascido;Vaca;Holandęs;100;
407;Boana;;F;21/07/2008;5;nascido;Vaca;Holandęs;100;
1836;Salgada;;F;16/02/2023;5;nascido;Vaca;Holandęs;100;
229;Piloto;;M;14/05/2021;1;nascido;Em crescimento;Holandęs;100;
408;Boas;;F;25/07/2008;5;nascido;Vaca;Holandęs;100;
409;Bobina;;F;26/07/2008;5;nascido;Vaca;Holandęs;100;
410;Boca;;F;28/07/2008;5;nascido;Vaca;Holandęs;100;
411;Boemia;;F;03/08/2008;5;nascido;Vaca;Holandęs;100;
412;Boia;;F;10/08/2008;5;nascido;Vaca;Holandęs;100;
413;Boina;;F;12/08/2008;5;nascido;Vaca;Holandęs;100;
414;Bola;;F;15/08/2008;5;nascido;Vaca;Holandęs;100;
415;Boleta;;F;15/08/2008;5;nascido;Vaca;Holandęs;100;
416;Bolha;;F;21/08/2008;5;nascido;Vaca;Holandęs;100;
417;Bolina;;F;26/08/2008;5;nascido;Vaca;Holandęs;100;
1553;Pesca;;F;17/05/2021;5;nascido;Vaca;Holandęs;100;
418;Bolita;;F;29/08/2008;5;nascido;Vaca;Holandęs;100;
419;Bolsa;;F;29/08/2008;5;nascido;Vaca;Holandęs;100;
420;Bomba;;F;08/09/2008;5;nascido;Novilha;Holandęs;100;
421;Bonari;;F;11/09/2008;5;nascido;Novilha;Holandęs;100;
422;Boneca;;F;11/09/2008;5;nascido;Vaca;Holandęs;100;
423;Bonita;;F;19/09/2008;5;nascido;Vaca;Holandęs;100;
424;Borda;;F;19/09/2008;5;nascido;Vaca;Holandęs;100;
425;Bota;;F;30/09/2008;5;nascido;Vaca;Holandęs;100;
426;Botica;;F;04/10/2008;5;nascido;Vaca;Holandęs;100;
427;Botija;;F;15/10/2008;5;nascido;Novilha;Holandęs;100;
428;Branca;;F;05/11/2008;5;nascido;Em crescimento;Holandęs;100;
429;Bravia;;F;10/11/2008;5;nascido;Em crescimento;Holandęs;100;
430;Briosa;;F;15/11/2008;5;nascido;Em crescimento;Holandęs;100;
431;Brisa;;F;28/11/2008;5;nascido;Novilha;Holandęs;100;
432;Bruma;;F;03/12/2008;5;nascido;Em crescimento;Holandęs;100;
433;Buara;;F;05/12/2008;5;nascido;Vaca;Holandęs;100;
434;Buji;;F;09/12/2008;5;nascido;Em crescimento;Holandęs;100;
435;Caba;;F;08/01/2009;5;nascido;Novilha;Holandęs;100;
436;Cabaia;;F;13/02/2009;5;nascido;Em crescimento;Holandęs;100;
437;Cabana;;F;24/02/2009;5;nascido;Em crescimento;Holandęs;100;
438;Cafofa;;F;27/02/2009;6;nascido;Vaca;Holandęs;100;
439;Caiaba;;F;28/02/2009;5;nascido;Em crescimento;Holandęs;100;
440;Caicai;;F;07/03/2009;6;nascido;Vaca;Holandęs;100;
441;Caiena;;F;09/03/2009;5;nascido;Em crescimento;Holandęs;100;
442;Calada;;F;15/03/2009;5;nascido;Vaca;Holandęs;100;
443;Calma;;F;15/03/2009;6;nascido;Novilha;Holandęs;100;
444;Calota;;F;31/03/2009;5;nascido;Vaca;Holandęs;100;
445;Calva;;F;04/04/2009;5;nascido;Vaca;Holandęs;100;
446;Campa;;F;07/04/2009;5;nascido;Vaca;Holandęs;100;
447;Cana;;F;09/04/2009;5;nascido;Em crescimento;Holandęs;100;
448;Canana;;F;09/04/2009;5;nascido;Vaca;Holandęs;100;
449;Canela;;F;12/04/2009;5;nascido;Vaca;Holandęs;100;
450;Caneta;;F;12/04/2009;5;nascido;Vaca;Holandęs;100;
451;Capa;;F;15/04/2009;5;nascido;Vaca;Holandęs;100;
453;Capina;;F;17/04/2009;5;nascido;Vaca;Holandęs;100;
452;Capela;;F;17/04/2009;6;nascido;Vaca;Holandęs;100;
454;Capota;;F;17/04/2009;5;nascido;Vaca;Holandęs;100;
455;Carena;;F;18/04/2009;5;nascido;Novilha;Holandęs;100;
456;Careta;;F;20/04/2009;5;nascido;Em crescimento;Holandęs;100;
457;Carga;;F;21/04/2009;5;nascido;Vaca;Holandęs;100;
458;Cariba;;F;21/04/2009;5;nascido;Vaca;Holandęs;100;
459;Carimă;;F;26/04/2009;6;nascido;Vaca;Holandęs;100;
460;Caripé;;F;26/04/2009;5;nascido;Em crescimento;Holandęs;100;
461;Carola;;F;27/04/2009;6;nascido;Vaca;Holandęs;100;
462;Carpa;;F;29/04/2009;5;nascido;Vaca;Holandęs;100;
463;Carta;;F;06/05/2009;5;nascido;Vaca;Holandęs;100;
464;Cati;;F;06/05/2009;5;nascido;Vaca;Holandęs;100;
465;Catita;;F;14/05/2009;5;nascido;Vaca;Holandęs;100;
466;Catuá;;F;15/05/2009;6;nascido;Vaca;Holandęs;100;
467;Cauaba;;F;16/05/2009;6;nascido;Vaca;Holandęs;100;
468;Cava;;F;16/05/2009;5;nascido;Em crescimento;Holandęs;100;
469;Caxa;;F;18/05/2009;5;nascido;Em crescimento;Holandęs;100;
470;Caxeta;;F;18/05/2009;5;nascido;Em crescimento;Holandęs;100;
471;Cazuza;;F;10/06/2009;6;nascido;Vaca;Holandęs;100;
472;Cedula;;F;11/06/2009;5;nascido;Vaca;Holandęs;100;
473;Cereja;;F;12/06/2009;5;nascido;Vaca;Holandęs;100;
474;Cevada;;F;13/06/2009;5;nascido;Em crescimento;Holandęs;100;
475;Cha;;F;13/06/2009;5;nascido;Em crescimento;Holandęs;100;
476;Chama;;F;15/06/2009;5;nascido;Em crescimento;Holandęs;100;
477;Chara;;F;15/06/2009;5;nascido;Vaca;Holandęs;100;
478;Chave;;F;28/06/2009;5;nascido;Vaca;Holandęs;100;
479;Chila;;F;15/07/2009;5;nascido;Vaca;Holandęs;100;
480;Ciara;;F;26/07/2009;5;nascido;Em crescimento;Holandęs;100;
481;Cica;;F;07/08/2009;5;nascido;Novilha;Holandęs;100;
482;Cigana;;F;08/08/2009;5;nascido;Novilha;Holandęs;100;
483;Cigarra;;F;16/08/2009;6;nascido;Vaca;Holandęs;100;
587;Energia;;F;27/03/2011;6;nascido;Vaca;Holandęs;100;
485;Cinara;;F;07/09/2009;6;nascido;Vaca;Holandęs;100;
486;Cítara;;F;08/09/2009;6;nascido;Vaca;Holandęs;100;
487;Clara;;F;10/09/2009;6;nascido;Novilha;Holandęs;100;
488;Clave;;F;15/09/2009;6;nascido;Vaca;Holandęs;100;
489;Cobaia;;F;18/09/2009;6;nascido;Vaca;Holandęs;100;
490;Coca;;F;18/09/2009;6;nascido;Vaca;Holandęs;100;
492;Coluna;;F;11/10/2009;6;nascido;Vaca;Holandęs;100;
493;Concha;;F;16/10/2009;6;nascido;Vaca;Holandęs;100;
494;Conga;;F;22/10/2009;6;nascido;Vaca;Holandęs;100;
491;Cola;;F;20/09/2009;6;nascido;Novilha;Holandęs;100;
495;Corda;;F;15/11/2009;5;nascido;Novilha;Holandęs;100;
496;Creta;;F;15/11/2009;6;nascido;Vaca;Holandęs;100;
497;Crente;;F;23/11/2009;6;nascido;Novilha;Holandęs;100;
498;Cria;;F;07/12/2009;5;nascido;Novilha;Holandęs;100;
499;Crista;;F;09/12/2009;5;nascido;Novilha;Holandęs;100;
500;Cuba;;F;30/12/2009;5;nascido;Vaca;Holandęs;100;
501;Cuca;;F;30/12/2009;5;nascido;Vaca;Holandęs;100;
502;Cuia;;F;30/12/2009;5;nascido;Novilha;Holandęs;100;
503;Dacota;;F;03/01/2010;6;nascido;Vaca;Holandęs;100;
504;Dada;;F;04/01/2010;5;nascido;Vaca;Holandęs;100;
505;Dala;;F;29/01/2010;5;nascido;Vaca;Holandęs;100;
506;Dandrea;;F;06/02/2010;5;nascido;Novilha;Holandęs;100;
2187;Tigela;;F;21/05/2024;5;nascido;Novilha;Holandęs;100;
507;Dama;;F;10/02/2010;6;nascido;Vaca;Holandęs;100;
508;Damice;;F;15/02/2010;5;nascido;Novilha;Holandęs;100;
509;Danada;;F;16/02/2010;5;nascido;Novilha;Holandęs;100;
510;Dança;;F;17/02/2010;5;nascido;Vaca;Holandęs;100;
511;Dara;;F;19/02/2010;5;nascido;Vaca;Holandęs;100;
512;Darsa;;F;25/02/2010;6;nascido;Vaca;Holandęs;100;
513;Data;;F;27/02/2010;5;nascido;Vaca;Holandęs;100;
514;Debi;;F;28/02/2010;5;nascido;Vaca;Holandęs;100;
515;Deca;;F;03/03/2010;5;nascido;Vaca;Holandęs;100;
516;Decada;;F;06/03/2010;5;nascido;Vaca;Holandęs;100;
517;Decana;;F;09/03/2010;5;nascido;Vaca;Holandęs;100;
518;Decima;;F;10/03/2010;6;nascido;Novilha;Holandęs;100;
577;Embala;;F;23/01/2011;6;nascido;Vaca;Holandęs;100;
519;Decora;;F;16/03/2010;5;nascido;Novilha;Holandęs;100;
520;Defesa;;F;17/03/2010;5;nascido;Vaca;Holandęs;100;
521;Deixa;;F;20/03/2010;5;nascido;Vaca;Holandęs;100;
522;Dejua;;F;22/03/2010;5;nascido;Vaca;Holandęs;100;
523;Dila;;F;24/03/2010;5;nascido;Vaca;Holandęs;100;
524;Delicada;;F;30/03/2010;5;nascido;Vaca;Holandęs;100;
525;Delicia;;F;07/04/2010;5;nascido;Vaca;Holandęs;100;
526;Dendria;;F;18/04/2010;5;nascido;Vaca;Holandęs;100;
527;Dengosa;;F;20/04/2010;5;nascido;Vaca;Holandęs;100;
528;Deriva;;F;20/04/2010;5;nascido;Vaca;Holandęs;100;
529;Derma;;F;07/05/2010;5;nascido;Vaca;Holandęs;100;
530;Derrama;;F;14/05/2010;5;nascido;Vaca;Holandęs;100;
531;Derruba;;F;19/05/2010;5;nascido;Em crescimento;Holandęs;100;
532;Desagua;;F;22/05/2010;5;nascido;Novilha;Holandęs;100;
533;Desana;;F;28/05/2010;5;nascido;Em crescimento;Holandęs;100;
534;Diadema;;F;31/05/2010;5;nascido;Em crescimento;Holandęs;100;
535;Diaria;;F;06/06/2010;5;nascido;Vaca;Holandęs;100;
536;Didata;;F;07/06/2010;5;nascido;Vaca;Holandęs;100;
537;Didi;;F;09/06/2010;5;nascido;Vaca;Holandęs;100;
538;Dieta;;F;16/06/2010;5;nascido;Vaca;Holandęs;100;
539;Dilara;;F;30/06/2010;5;nascido;Vaca;Holandęs;100;
540;Dina;;F;03/07/2010;5;nascido;Vaca;Holandęs;100;
541;Dinda;;F;03/07/2010;5;nascido;Vaca;Holandęs;100;
Adobe;Adobe;;M;18/06/2007;2;nascido;Reprodutor;Holandęs;100;
Basco;Basco;;M;29/07/2008;2;nascido;Reprodutor;Holandęs;100;
Bronze;Bronze;;M;;;nascido;;Holandęs;100;
Cleveland;Cleveland;;M;;;nascido;;Holandęs;100;
Delphi;Delphi;;M;;;nascido;;Holandęs;100;
Digmann;Digmann;;M;;;nascido;;Holandęs;100;
Goldplate;Goldplate;;M;;;nascido;;Holandęs;100;
Keneth;Keneth;;M;;;nascido;;Holandęs;100;
Lucidor;Lucidor;;M;;;nascido;;Holandęs;100;
Marcus;Marcus;;M;;;nascido;;Holandęs;100;
Suede;Suede;;M;;;nascido;;Holandęs;100;
Timber;Timber;;M;;;nascido;;Holandęs;100;
Twister;Twister;;M;;;nascido;;Holandęs;100;
Venture;Venture;;M;;;nascido;;Holandęs;100;
Windows;Windows;;M;;;nascido;;Holandęs;100;
545;Dobra;;F;09/08/2010;5;nascido;Em crescimento;Holandęs;100;
552;Dolara;;F;24/08/2010;5;nascido;Vaca;Holandęs;100;
551;Dogma;;F;23/08/2010;5;nascido;Vaca;Holandęs;100;
549;Doçura;;F;23/08/2010;5;nascido;Vaca;Holandęs;100;
550;Dodoi;;F;23/08/2010;5;nascido;Vaca;Holandęs;100;
548;Docil;;F;21/08/2010;5;nascido;Vaca;Holandęs;100;
547;Doce;;F;20/08/2010;5;nascido;Vaca;Holandęs;100;
DIARIO;Diario;;M;26/08/2010;1;nascido;Em crescimento;Holandęs;100;
542;Dita;;F;27/07/2010;5;nascido;Vaca;Holandęs;100;
543;Divisa;;F;31/07/2010;5;nascido;Vaca;Holandęs;100;
544;Doada;;F;01/08/2010;5;nascido;Vaca;Holandęs;100;
553;Dona;;F;11/09/2010;5;nascido;Vaca;Holandęs;100;
562;Dual;;F;24/11/2010;6;nascido;Vaca;Holandęs;100;
556;Dracena;;F;26/09/2010;5;nascido;Em crescimento;Holandęs;100;
555;Dosa;;F;24/09/2010;5;nascido;Em crescimento;Holandęs;100;
554;Donzela;;F;24/09/2010;5;nascido;Em crescimento;Holandęs;100;
A556;Dozena;;F;26/09/2010;5;nascido;Em crescimento;Holandęs;100;
JERRICK;Jerrick;;;;;nascido;;Holandęs;100;
558;Draga;;F;04/10/2010;5;nascido;Vaca;Holandęs;100;
557;Dracma;;F;29/09/2010;5;nascido;Vaca;Holandęs;100;
565;Dundum;;F;08/12/2010;5;nascido;Em crescimento;Holandęs;100;
563;Ducha;;F;24/11/2010;5;nascido;Vaca;Holandęs;100;
564;Duma;;F;26/11/2010;6;nascido;Vaca;Holandęs;100;
DELTA;Delta;;M;21/02/2010;1;nascido;Reprodutor;Holandęs;100;
DENARIO;Denario;;M;09/04/2010;1;nascido;Reprodutor;Holandęs;100;
DENGO;Dengo;;M;30/04/2010;1;nascido;Reprodutor;Holandęs;100;
DESEJO;Desejo;;M;14/06/2010;1;nascido;Reprodutor;Holandęs;100;
088;Deserto;;M;15/07/2010;1;nascido;Em crescimento;Holandęs;100;
CANECO;Caneco;;M;25/07/2009;2;nascido;Reprodutor;Holandęs;100;
089;Destom;;M;28/07/2010;1;nascido;Em crescimento;Holandęs;100;
585;Enclise;;F;21/03/2011;6;nascido;Vaca;Holandęs;100;
DARDO;Dardo;;M;25/02/2010;1;nascido;Em crescimento;Holandęs;100;
560;Drena;;F;16/11/2010;6;nascido;Vaca;Holandęs;100;
567;Ebiana;;F;02/01/2011;5;nascido;Vaca;Holandęs;100;
JACK;;;;;;nascido;;Holandęs;100;
559;Drama;;F;30/10/2010;5;nascido;Vaca;Holandęs;100;
561;Driada;;F;20/11/2010;5;nascido;Vaca;Holandęs;100;
568;Eficaz;;F;04/01/2011;5;nascido;Em crescimento;Holandęs;100;
570;Eira;;F;09/01/2011;5;nascido;Em crescimento;Holandęs;100;
571;Eleita;;F;12/01/2011;6;nascido;Vaca;Holandęs;100;
572;Eletriz;;F;12/01/2011;6;nascido;Vaca;Holandęs;100;
573;Elipse;;F;14/01/2011;6;nascido;Vaca;Holandęs;100;
574;Elfa;;F;14/01/2011;5;nascido;Em crescimento;Holandęs;100;
575;Elite;;F;15/01/2011;6;nascido;Vaca;Holandęs;100;
576;Ema;;F;16/01/2011;5;nascido;Em crescimento;Holandęs;100;
578;Embira;;F;26/01/2011;6;nascido;Vaca;Holandęs;100;
579;Emenda;;F;27/01/2011;5;nascido;Vaca;Holandęs;100;
580;Emetina;;F;02/02/2011;5;nascido;Em crescimento;Holandęs;100;
581;Empada;;F;08/02/2011;5;nascido;Em crescimento;Holandęs;100;
EBANO;Ebano;;M;14/02/2011;1;nascido;Em crescimento;Holandęs;100;
583;Encava;;F;26/02/2011;6;nascido;Vaca;Holandęs;100;
EBRIO;Ebrio;;M;14/02/2011;1;nascido;Reprodutor;Holandęs;100;
582;Enase;;F;16/02/2011;5;nascido;Em crescimento;Holandęs;100;
586;Encruza;;F;22/03/2011;6;nascido;Vaca;Holandęs;100;
LAKOTA;Lakota;;;;;nascido;;Holandęs;100;
ALTA TABOO;Alta Taboo;;M;10/02/2006;2;nascido;Reprodutor;Holandęs;100;
584;Enchova;;F;15/03/2011;6;nascido;Vaca;Holandęs;100;
588;Enfesta;;F;05/04/2011;5;nascido;Em crescimento;Holandęs;100;
589;Enga;;F;07/04/2011;5;nascido;Vaca;Holandęs;100;
590;Engala;;F;07/04/2011;6;nascido;Vaca;Holandęs;100;
591;Engenha;;F;10/04/2011;6;nascido;Vaca;Holandęs;100;
592;Engraça;;F;14/04/2011;6;nascido;Vaca;Holandęs;100;
593;Encosta;;F;19/04/2011;6;nascido;Vaca;Holandęs;100;
LAVANG S;Lavanguard;;;;;nascido;;Holandęs;100;
600;Era;;F;02/06/2011;5;nascido;Vaca;Holandęs;100;
DORION;Dorion;;;;;nascido;;Holandęs;100;
ARBOR;Arbor;;;;;nascido;;Holandęs;100;
601;Ermida;;F;02/06/2011;5;nascido;Em crescimento;Holandęs;100;
594;Enseada;;F;04/05/2011;5;nascido;Vaca;Holandęs;100;
603;Ervilha;;F;05/06/2011;5;nascido;Vaca;Holandęs;100;
595;Entrada;;F;16/05/2011;5;nascido;Em crescimento;Holandęs;100;
596;Entrega;;F;17/05/2011;5;nascido;Vaca;Holandęs;100;
